{
	"tile" : {
		"IWantTo" : {
			"icon" : "icon_i_want_to.png",
			"className" : "i-want-to",
			"isAdd" : false,
			"isMore" : false,
			"addText" : "",
			"moreNavigation" : "",
			"addNewNavigation" : ""
		},
		"Appointments" : {
			"icon" : "icon_my_appointment.png",
			"className" : "my-appointments",
			"isAdd" : true,
			"isMore" : true,
			"addText" : "New Appointments",
			"moreNavigation" : "",
			"addNewNavigation" : ""
		},
		"AllAppointments" : {
			"icon" : "icon_my_appointment.png",
			"className" : "all-appointments",
			"isAdd" : true,
			"isMore" : true,
			"addText" : "New Appointments",
			"moreNavigation" : "",
			"addNewNavigation" : ""
		},
		"MyActivityLog" : {
			"icon" : "icon_recent_activity.png",
			"className" : "recent-activity",
			"isAdd" : false,
			"isMore" : true,
			"addText" : "",
		},
		"MyNewMessages" : {
			"icon" : "icon_message.png",
			"className" : "my-messages",
			"isAdd" : true,
			"isMore" : true,
			"addText" : "New Message",
		},
		"Medications" : {
		"icon" : "icon_medication.png",
		"className" : "my-medications",
		"isAdd" : true,
		"isMore" : "",
		"addText" : "",
		},
		"Allergies" : {
		"icon" : "",
		"className" : "",
		"isAdd" : "",
		"isMore" : "",
		"addText" : "",
		},
		"Conditions" : {
		"icon" : "",
		"className" : "",
		"isAdd" : "",
		"isMore" : "",
		"addText" : "",
		"moreNavigation" : "",
		"addNewNavigation" : ""
		},
		"FamilyHistory" : {
		"icon" : "",
		"className" : "",
		"isAdd" : "",
		"isMore" : "",
		"addText" : "",
		"moreNavigation" : "",
		"addNewNavigation" : ""
		},
		"SocialHistory" : {
		"icon" : "",
		"className" : "",
		"isAdd" : "",
		"isMore" : "",
		"addText" : "",
		"moreNavigation" : "",
		"addNewNavigation" : ""
		},
		"Procedures" : {
		"icon" : "",
		"className" : "",
		"isAdd" : "",
		"isMore" : "",
		"addText" : "",
		"moreNavigation" : "",
		"addNewNavigation" : ""
		},
		"Immunizations" : {
		"icon" : "",
		"className" : "",
		"isAdd" : "",
		"isMore" : "",
		"addText" : "",
		"moreNavigation" : "",
		"addNewNavigation" : ""
		},
		"WeightAndHeight" : {
		"icon" : "",
		"className" : "",
		"isAdd" : "",
		"isMore" : "",
		"addText" : "",
		"moreNavigation" : "",
		"addNewNavigation" : ""
		},
		"BloodGlucose" : {
		"icon" : "",
		"className" : "",
		"isAdd" : "",
		"isMore" : "",
		"addText" : "",
		"moreNavigation" : "",
		"addNewNavigation" : ""
		},
		"BloodPressure" : {
		"icon" : "",
		"className" : "",
		"isAdd" : "",
		"isMore" : "",
		"addText" : "",
		"moreNavigation" : "",
		"addNewNavigation" : ""
		},
		"Cholesterol" : {
		"icon" : "",
		"className" : "",
		"isAdd" : "",
		"isMore" : "",
		"addText" : "",
		"moreNavigation" : "",
		"addNewNavigation" : ""
		},
		"TestResults" : {
		"icon" : "",
		"className" : "",
		"isAdd" : "",
		"isMore" : "",
		"addText" : "",
		"moreNavigation" : "",
		"addNewNavigation" : ""
		},
		"ClinicalDocuments" : {
		"icon" : "",
		"className" : "",
		"isAdd" : "",
		"isMore" : "",
		"addText" : "",
		"moreNavigation" : "",
		"addNewNavigation" : ""
		},
		"AllAppointments" : {
		"icon" : "",
		"className" : "",
		"isAdd" : "",
		"isMore" : "",
		"addText" : "",
		"moreNavigation" : "",
		"addNewNavigation" : ""
		},
		"MyTask" : {
		"icon" : "",
		"className" : "",
		"isAdd" : "",
		"isMore" : "",
		"addText" : "",
		"moreNavigation" : "",
		"addNewNavigation" : ""
		}
	}
}
