{
"broadcastMessaging":
	{ "importlistTabs" :
		[
			{ "title": "Sent Messages", "url": "modules/message-center/templates/broadcast-sent.html","active": false},
			{ "title": "Draft Messages", "url": "modules/message-center/templates/broadcast-draft.html","active": false },
			{ "title": "Templates", "url": "modules/message-center/templates/broadcast-templates.html", "popupUrl": "modules/message-center/templates/broadcast-template-popups.html","active": false },
			{ "title": "Target Groups", "url": "modules/message-center/templates/broadcast-target-groups.html",  "popupUrl": "modules/message-center/templates/broadcast-target-group-popups.html","active": false },
			{ "title": "Imported Lists", "url": "modules/message-center/templates/broadcast-import-list.html","popupUrl": "modules/message-center/templates/broadcast-import-list-popups.html","active": false  }
		],
	  "sampleImportList":"Last Name,First Name,Date Of Birth,Gender,MRN Number\r\nThree,Ash,09/13/1980,Female,84EBFE6C-21E2-4E24-B528-E180CDDE6542,65243"
	}
}