{
  "AL": "1001",
  "AK": "1002",
  "AZ": "1003",
  "AR": "1004",
  "CA": "1005",
  "CO": "1006",
  "CT": "1007",
  "DE": "1008",
  "FL": "1009",
  "GA": "1010",
  "HI": "1011",
  "ID": "1012",
  "IL": "1013",
  "IN": "1014",
  "IA": "1015",
  "KS": "1016",
  "KY": "1017",
  "LA": "1018",
  "ME": "1019",
  "MD": "1020",
  "MA": "1021",
  "MI": "1022",
  "MN": "1023",
  "MS": "1024",
  "MO": "1025",
  "MT": "1026",
  "NE": "1027",
  "NV": "1028",
  "NH": "1029",
  "NJ": "1030",
  "NM": "1031",
  "NY": "1032",
  "NC": "1033",
  "ND": "1034",
  "OH": "1035",
  "OK": "1036",
  "OR": "1037",
  "PA": "1038",
  "RI": "1039",
  "SC": "1040",
  "SD": "1041",
  "TN": "1042",
  "TX": "1043",
  "UT": "1044",
  "VT": "1045",
  "VA": "1046",
  "WA": "1047",
  "WV": "1048",
  "WI": "1049",
  "WY": "1050",
  "DC": "1051",
  "Alberta": "2001",
  "British Columbia": "2002",
  "Manitoba": "2003",
  "New Brunswick": "2004",
  "Newfoundland and Labrador": "2005",
  "Northwest Territories": "2006",
  "Nova Scotia": "2007",
  "Nunavut": "2008",
  "Ontario": "2009",
  "Prince Edward Island": "2010",
  "Quebec": "2011",
  "Saskatchewan": "2012",
  "Yukon": "2013"
}