{
    "/": {
        "title": "Homepage",
        "layout": "layouts/login",
        "theme": "themes/default",
        "sections": {
            "main": "modules/home"
        }
    },
    "/reset_password": {
        "title": "Reset Password",
        "layout": "layouts/login",
        "theme": "themes/default",
        "sections": {
            "main": "modules/resetPassword"
        }
    },
    "/caremanager": {
        "title": "Care Manager Homepage",
        "layout": "layouts/default",
        "theme": "themes/default",
        "sections": {
            "banner": "modules/user",
            "main": "modules/caremanagerTasks"
        }
    },
    "/careteam": {
        "title": "Care Team Homepage",
        "layout": "layouts/default",
        "theme": "themes/default",
        "sections": {
            "banner": "modules/user",
            "main": "modules/careteamTasks"
        }
    },
    "/insurance": {
        "title": "Insurance Homepage",
        "layout": "layouts/default",
        "theme": "themes/default",
        "sections": {
            "banner": "modules/user",
            "main": "modules/reports"
        }
    },
    "/physicians": {
        "title": "Physician Homepage",
        "layout": "layouts/default",
        "theme": "themes/default",
        "sections": {
            "banner": "modules/user",
            "main": "modules/reports"
        }
    },
    "/clinicAdmin": {
        "title": "Clinic Administrator Homepage",
        "layout": "layouts/default",
        "theme": "themes/default",
        "sections": {
            "banner": "modules/user",
            "main": "modules/reports"
        }
    },
    "/admin": {
        "title": "Administrator Homepage",
        "layout": "layouts/default",
        "theme": "themes/default",
        "sections": {
            "banner" : "modules/user",
            "main": "modules/administrator"
        }
    },
    "/patients/:patientId": {
        "title": "Patient Information",
        "layout": "layouts/default",
        "theme": "themes/default",
        "sections": {
            "banner": "modules/user",
            "main": "modules/patient"
        }
    },
    "/search": {
        "title": "Patient Search Homepage",
        "layout": "layouts/default",
        "theme": "themes/default",
        "sections": {
            "banner": "modules/user",
            "main": "modules/patient-search"
        }
    },
    "/message": {
        "title": "Message Center",
        "layout": "layouts/default",
        "theme": "themes/default",
        "sections": {
            "banner": "modules/user",
            "main": "modules/message-center"
        }
    },
    "/admin/taskbundle": {
        "title": "Task Bundles",
        "layout": "layouts/default",
        "theme": "themes/default",
        "sections": {
            "banner": "modules/user",
            "main": "modules/task-bundles"
        }
    },
   "/admin/metrics": {
        "title": "Manage Metrics",
        "layout": "layouts/default",
        "theme": "themes/default",
        "sections": {
            "banner": "modules/user",
            "main": "modules/manage-metrics"
        }
    },
    "/reports": {
        "title": "Reports",
        "layout": "layouts/default",
        "theme": "themes/default",
        "sections": {
            "banner": "modules/user",
            "main": "modules/reports"
        }
    },
    "/notifications": {
        "title": "Notifications",
        "layout": "layouts/default",
        "theme": "themes/default",
        "sections": {
            "banner": "modules/user",
            "main": "modules/notifications"
        }
    },
    "/analyst": {
        "title": "Analyst Homepage",
        "layout": "layouts/default",
        "theme": "themes/default",
        "sections": {
            "banner" : "modules/user",
            "main": "modules/analyst"
        }
    },
    "/merge/:patientId/:patientEventNotificationId": {
        "title": "Merge",
        "layout": "layouts/default",
        "theme": "themes/default",
        "sections": {
            "banner" : "modules/user",
            "main": "modules/merge"
        }
    },	
    "/marketing": {
        "title": "Marketing Homepage",
        "layout": "layouts/default",
        "theme": "themes/default",
        "sections": {
            "banner" : "modules/user",
            "main": "modules/marketing"
        }
    },
    "/enrollments": {
        "title": "Enrollments",
        "layout": "layouts/default",
        "theme": "themes/default",
        "sections": {
            "banner" : "modules/user",
            "main": "modules/enrollments"
        }
    },
    "/team-management": {
        "title": "Team Management Panel",
        "layout": "layouts/default",
        "theme": "themes/default",
        "sections": {
            "banner" : "modules/user",
            "main": "modules/team-management"
        }
    },
    "/password-expired": {
        "title": "Password Expired",
        "layout": "layouts/login",
        "theme": "themes/default",
        "sections": {
            "main": "modules/password-expired"
        }
    }
}