{
  "/": {
    "title": "Sys Admin Home",
    "layout": "layouts/base",
    "theme": "themes/default",
    "sections": {
      "main": "modules/home"
    },
	"leftNavExpanded": true,
  "layoutClass": "with-multiple-tiles"
  },

  "/:clientKey": {
    "title": "Client Home",
    "layout": "layouts/base",
    "theme": "themes/default",
    "sections": {
      "main": "modules/home"
    },
    "leftNavExpanded": true,
    "layoutClass": "with-multiple-tiles"
  },
  "/:clientKey/:orgKey": {
    "title": "Client Home",
    "layout": "layouts/base",
    "theme": "themes/default",
    "sections": {
      "main": "modules/home"
    },
    "leftNavExpanded": true,
    "layoutClass": "with-multiple-tiles"
  },

  "/:clientKey/:orgKey/campaigns": {
    "title": "Campaigns",
    "layout": "layouts/base",
    "theme": "themes/default",
    "sections": {
      "main": "modules/campaigns"
    }
  },

  "/:clientKey/:orgKey/lists": {
    "title": "Lists",
    "layout": "layouts/base",
    "theme": "themes/default",
    "sections": {
      "main": "modules/lists"
    }
  },

  "/:clientKey/:orgKey/locations": {
    "title": "Locations",
    "layout": "layouts/base",
    "theme": "themes/default",
    "sections": {
      "main": "modules/locations"
    }
  },

  "/:clientKey/:orgKey/lists/build": {
    "title": "List Builder",
    "layout": "layouts/base",
    "theme": "themes/default",
    "sections": {
      "main": "modules/listBuild"
    },
    "isWizardMode": true
  },

  "/session": {
    "title": "Sys Admin Session",
    "layout": "layouts/default",
    "theme": "themes/default",
    "sections": {
      "main": "modules/session"
    }
  },

  "/:clientKey/:orgKey/auditReport": {
    "title": "Audit Report",
    "layout": "layouts/base",
    "theme": "themes/default",
    "sections": {
      "main": "modules/auditReport"
    }
  },

  "/:clientKey/session": {
    "title": "Client Session",
    "layout": "layouts/default",
    "theme": "themes/default",
    "sections": {
      "main": "modules/session"
    }
  },

  "/:clientKey/channelperformance": {
    "title": "Client Session",
    "layout": "layouts/base",
    "theme": "themes/default",
    "sections": {
      "main": "modules/channelperformance"
    }
  },

  "/:clientKey/marketingIntelligence": {
    "title": "Marketing Intelligence",
    "layout": "layouts/base",
    "theme": "themes/default",
    "sections": {
      "main": "modules/marketingIntelligence"
    }
  },

  "/:clientKey/mycampaigns": {
    "title": "My Campaigns",
    "layout": "layouts/base",
    "theme": "themes/default",
    "sections": {
      "main": "modules/mycampaigns"
    }
  },
  "/:clientKey/accounts": {
    "title": "Select Organization",
    "layout": "layouts/default",
    "theme": "themes/default",
    "sections": {
      "main": "modules/accounts"
    },
    "layoutClass": "accounts-panel"
  },
  "/accounts": {
    "title": "Select Client and Organization",
    "layout": "layouts/default",
    "theme": "themes/default",
    "sections": {
      "main": "modules/accounts"
    },
    "layoutClass": "accounts-panel"
  }

}
